FES_Multiplier,Error
0,22256.368429898364
0.001,1243.9406541769117
0.01,1.3467442156526204
0.1,5.983565642964095e-09
