FES_Multiplier,Error
0,79.16662150949901
0.001,33.23836612608443
0.01,0.21906081830002222
0.1,0.21906081830002222
0.2,0.21906081830002222
0.3,0.21906081830002222
