FES_Multiplier,Error
0,388.32248247326515
0.001,22.47394440132166
0.01,0.7852862512360161
0.1,0.051639650868082754
0.2,0.051639650868082754
0.3,0.051639650868082754
