FES_Multiplier,Error
0,560.6339304070293
0.001,355.0108656662453
0.01,31.325328941799626
0.1,0.2371556390560272
0.2,0.2371556390560272
0.3,0.2371556390560272
0.4,0.2371556390560272
0.5,0.2371556390560272
0.6,0.2371556390560272
0.7,0.2371556390560272
0.8,0.2371556390560272
0.9,0.2371556390560272
1,0.2371556390560272
