FES_Multiplier,Error
0,8580.963321340976
0.001,7825.869165336479
0.01,1580.853248487655
0.1,0.004444498799443863
0.2,3.212983301636996e-08
0.3,9.997734196076635e-09
