FES_Multiplier,Error
0,45718.629148928936
0.001,20790.910406538696
0.01,11377.685196678694
0.1,200.04191727276174
0.2,6.702639616327303
0.3,0.6982984485846373
0.4,0.04764601719153916
0.5,0.0016697293218044251
0.6,4.8561982509909285e-05
0.7,1.428290318017389e-06
0.8,1.1115878351120045e-07
0.9,5.833953764522448e-09
