Fi_10D,Best,Worst,Median,Mean,Std_Dev,Success_Rate
2,0.22334124749428952,4878.437663094716,470.77259589795415,1234.8191235065185,1475.7660106057444,0
