FES_Multiplier,Error
0,13313624087.76794
0.001,10258193019.633541
0.01,1437791811.9040685
0.1,6770.623917851228
0.2,1.0064638348091535
0.3,0.9179946173715905
0.4,0.9175990925708675
0.5,0.9174814301829315
0.6,0.9173715931889319
0.7,0.9172397118100832
0.8,0.9172397118100832
0.9,0.9171612885014042
1,0.9169712824680971
