Fi_10D,Best,Worst,Median,Mean,Std_Dev,Success_Rate
1,4527.480447233621,137125.4754270914,25328.080617178566,41896.028426593904,37072.296731439135,0
2,0.9169712824680971,8009.820002864799,104.85787105940989,1089.0705761886513,1998.5191706487142,0
4,0.04657375392855556,34.78027516557938,34.780274874733436,22.68700170386049,16.489471019240433,0
6,0.0005807195773286367,2.6687211299129103,0.0007197868047796874,0.2913229655101122,0.7281326617065513,0
7,6.46514308755286e-09,0.11809089003725148,0.022126734107928314,0.028453542742622632,0.026132357283331215,0.08
9,3.979836228438103,26.86384411799827,10.944544590293276,12.695660625163342,7.124424825346392,0
14,0.07664671655970778,0.4681546283695752,0.2492477075250008,0.24659369587882793,0.10126508535698402,0
