FES_Multiplier,Error
0,16470135189.8022
0.001,9126748279.526182
0.01,1487254020.6526754
0.1,20631.077241549647
0.2,8111.992613162294
0.3,8103.772798283517
0.4,8094.788008740921
0.5,8076.1734593748315
0.6,8064.325123595187
0.7,8041.851696822861
0.8,8024.67587040165
0.9,8019.099040840605
1,8009.820002864799
