FES_Multiplier,Error
0,262.9983275330926
0.001,178.07530006176842
0.01,18.83594729129993
0.1,0.14570395558803284
0.2,2.4669963067935896e-06
0.3,6.46514308755286e-09
