FES_Multiplier,Error
0,23567.073712529476
0.001,11532.36985297735
0.01,5244.963652301106
0.1,220.47820634927612
0.2,11.261504777781283
0.3,0.7404349503353842
0.4,0.03601462825224644
0.5,0.003264614826207435
0.6,0.00013343333711191008
0.7,4.144326396726683e-06
0.8,1.0642412462402717e-07
0.9,5.203332875680644e-09
