FES_Multiplier,Error
0,103.89086841239055
0.001,103.89086841239055
0.01,35.25431515495097
0.1,0.590054030580859
0.2,1.0962719443341484e-06
0.3,6.095433491282165e-09
