FES_Multiplier,Error
0,25696781444.194393
0.001,17484354428.95779
0.01,29154270.639460534
0.1,95236.7413136647
0.2,433.89590800344774
0.3,271.952280993963
0.4,407.8346076579769
0.5,1135.3053310238402
0.6,1037.9407702201709
0.7,1716.7228981486112
0.8,4102.693234464833
0.9,2579.834473548248
1,4614.936033890349
