Fi_10D,Best,Worst,Median,Mean,Std_Dev,Success_Rate
2,19.43680510674352,4450.211233656585,459.2011354167387,876.2269134636931,1065.784967752639,0
3,0.00507053848536998,5.028838093738784,0.2713022898606141,0.5873121887744355,0.9903010499721544,0
5,2.8131425779065466e-05,0.03839051870681942,0.0199854563510371,0.017557764749585657,0.01231459584769912,0
7,0.14299687288939822,0.3481894040601219,0.2186563701909563,0.22765995745839973,0.052690274558364864,0
