FES_Multiplier,Error
0,26284.874147288672
0.001,25134.936579899455
0.01,10.35551828790119
0.1,2.3881198671915627e-06
0.2,7.343601282627787e-10
