FES_Multiplier,Error
0,84.63665867558666
0.001,61.897495820556514
0.01,16.48459118061419
0.1,0.29766346248879927
0.2,0.1691699383904961
0.3,0.2299655183132927
0.4,0.2089963824928418
0.5,0.3225020168217725
0.6,0.2984584617224755
0.7,0.12146827288006534
0.8,0.2488083063421982
0.9,0.17073037349791775
1,0.3481894040601219
