FES_Multiplier,Error
0,86.06726203683593
0.001,79.21454962664507
0.01,9.686595433865932
0.1,0.21849862025874245
0.2,0.2577170393212782
0.3,0.3144051423323617
0.4,0.14798858198309972
0.5,0.16895563547222991
0.6,0.30427300320911854
0.7,0.3057637550909931
0.8,0.18978754679119447
0.9,0.23634341570527795
1,0.14299687288939822
