FES_Multiplier,Error
0,523504260.8327182
0.001,363336775.09480584
0.01,14329469.676298924
0.1,3892933.741686359
0.2,943912.6619905874
0.3,1302240.8287070303
0.4,4252042.1440588655
0.5,2785319.890887181
0.6,1689098.114229412
0.7,1963922.471339902
0.8,1774254.393967923
0.9,1251902.451152508
1,792906.8640373789
