FES_Multiplier,Error
0,31317181954.251545
0.001,28585921306.157875
0.01,1537638000.4133124
0.1,56730.14976154695
0.2,242.12895261954498
0.3,244.12832525576266
0.4,1321.9024326485085
0.5,684.7593003545323
0.6,3690.493287090209
0.7,59.69227662396156
0.8,557.2093923487912
0.9,20.01991241210834
1,19.43680510674352
