FES_Multiplier,Error
0,861.6457378290472
0.001,355.7672612277347
0.01,209.7309039876743
0.1,29.84875659934164
