FES_Multiplier,Error
0,766.0836497843502
0.001,216.7995131071541
0.01,0.4303516099746503
0.1,0.2808007533312775
0.2,0.2807987587775642
