FES_Multiplier,Error
0,565.8322286504826
0.001,407.256495172865
0.01,234.9975456300092
0.1,73.62665119502742
