FES_Multiplier,Error
0,775.1377997696195
0.001,112.50200271075664
0.01,0.8900760032515791
0.1,0.8284848795649395
0.2,0.8284626633401331
