FES_Multiplier,Error
0,187.0861345385365
0.001,37.78273700066757
0.01,0.507335794889741
0.1,0.4989218983359933
0.2,0.4989218983359933
0.3,0.4989218983359933
0.4,0.4989218983359933
