FES_Multiplier,Error
0,7587.751232256716
0.001,855.7133105669964
0.01,34.79753783688386
0.1,34.78027487472065
0.2,34.78027487472065
