FES_Multiplier,Error
0,34016043054.624348
0.001,6262104780.14609
0.01,399315.6782057495
0.1,3.0005082862771815e-09
