FES_Multiplier,Error
0,16.915985880735434
0.001,13.259892060676634
0.01,0.8918266316919699
0.1,9.77786385192303e-09
