FES_Multiplier,Error
0,408439137.7845795
0.001,224349342.46129888
0.01,1391307.4403221079
0.1,4.929901820105442e-09
