FES_Multiplier,Error
0,1324191731.8508615
0.001,174788701.1748066
0.01,4273411.869641658
0.1,9.836540471042099e-09
