FES_Multiplier,Error
0,227.17814627621328
0.001,72.53587863873224
0.01,53.37526881268991
0.1,26.863783344849594
0.2,26.863783344849594
0.3,26.863783344849594
0.4,26.863783344849594
