FES_Multiplier,Error
0,388.210575308266
0.001,388.210575308266
0.01,182.52577189237059
0.1,41.18079389480454
0.2,9.377409607127674
0.3,0.4539658151047661
0.4,0.39097529759783356
0.5,0.39097529759783356
0.6,0.29397191989733074
0.7,0.29397191989733074
0.8,0.24174334523627294
0.9,0.24174334523627294
1,0.24174334523627294
