Fi_10D,Best,Worst,Median,Mean,Std_Dev,Success_Rate
1,4931.037731317191,2603865.9034802625,188323.67650034375,473036.6542326194,645401.2755219708,0
2,3.2941736634427627,4406.108377207308,1072.8329776089847,1170.3262662155068,1143.8971172131185,0
4,0.04348779573308548,34.79850125427197,34.78070716292717,23.919449644943146,16.186355276320505,0
6,9.02377905731555e-09,1.119021950826209,0.0418036882749675,0.18896198388901667,0.30598427200207046,0.04
7,9.232735465047881e-09,0.22467884382785996,0.03951820845873044,0.05391512314040938,0.05522162848117042,0.08
9,2.9848771712798907,16.914268660414336,8.954626476020508,8.479330569963532,3.714294287902912,0
14,0.07347765478425572,0.4178531737384219,0.24894421347244133,0.25275493291534074,0.07623122456183881,0
