Fi_10D,Best,Worst,Median,Mean,Std_Dev,Success_Rate
1,3.024752004421316e-09,9.963457614503568e-09,8.70011263032211e-09,8.024794624361675e-09,1.9233794608783414e-09,1
2,0.5273569456696237,21.156530319964816,4.025466594639113,6.06317593637185,5.39973930533745,0
3,50550.72907008689,1269388.3629777627,403487.44588537014,435369.5398594842,327863.2824065761,0
4,2.1794036983819183,208.63879230934637,20.00607154013136,40.339138039994445,46.06951385236278,0
5,53.50374420915068,1509.1162172449294,354.01210072047616,409.9186653241382,347.3933296942666,0
