FES_Multiplier,Error
0,10588722419.268059
0.001,10588722419.268059
0.01,1249989987.8484113
0.1,4005.452746668406
0.2,3.332126979757305
0.3,3.294268675954214
0.4,3.2941755432239006
0.5,3.2941737049189044
0.6,3.294173666124891
0.7,3.2941736634666086
0.8,3.2941736634427627
0.9,3.2941736634427627
1,3.2941736634427627
