FES_Multiplier,Error
0,12339728329.784983
0.001,12339728329.784983
0.01,1846416552.8248153
0.1,9584.373183276188
0.2,4406.4480305195075
0.3,4406.12925404648
0.4,4406.108539414678
0.5,4406.108379304276
0.6,4406.108377259749
0.7,4406.108377208731
0.8,4406.108377207442
0.9,4406.1083772073225
1,4406.108377207308
