FES_Multiplier,Error
0,18175.079626539948
0.001,18175.079626539948
0.01,1102.4232097157328
0.1,0.0018554217273845097
0.2,9.963457614503568e-09
