FES_Multiplier,Error
0,176.80473025622064
0.001,176.80473025622064
0.01,26.705069910887232
0.1,0.060445474983112035
0.2,4.3162731344636995e-07
0.3,9.232735465047881e-09
