FES_Multiplier,Error
0,10028.663989726312
0.001,10028.663989726312
0.01,2425.4410170544456
0.1,0.0006499918017652817
0.2,3.024752004421316e-09
