FES_Multiplier,Error
0,148.42434406924497
0.001,148.42434406924497
0.01,26.33471987663529
0.1,0.30508773564986313
0.2,0.08867155730547438
0.3,0.08867139383949052
0.4,0.0886713931616896
0.5,0.08867139313588268
0.6,0.08867139311962546
0.7,0.08867139311166738
0.8,0.08867139311121264
0.9,0.08867139311087158
1,0.08867139311087158
