FES_Multiplier,Error
0,26330.94841025216
0.001,21823.12739277721
0.01,3483.0007828270786
0.1,5.433229714651873
0.2,0.35597190910885956
0.3,0.0056640341620664
0.4,2.2475432501778414e-06
0.5,9.98323912426713e-09
