Fi_10D,Best,Worst,Median,Mean,Std_Dev,Success_Rate
2,4.599797875926015e-09,9.967891401174711e-09,8.143587137965369e-09,8.351029237019247e-09,1.2036767323768878e-09,1
3,5.507899913936853e-09,34.78027487472889,9.387861155119026e-09,8.867764710532331,14.928246652550184,0.56
5,0.007402596485121649,0.5021717185893522,0.3567345419164667,0.32701748206181946,0.1150603170529122,0
7,0.11883043364014156,0.2712843608821913,0.22051487041630935,0.20869485887666997,0.036686183477203566,0
