FES_Multiplier,Error
0,119.3885725597928
0.001,119.3885725597928
0.01,96.69637713799955
0.1,1.9070383068261663
0.2,0.6333564176463824
0.3,0.6333564176463824
0.4,0.5798994987961805
0.5,0.5630679693917955
0.6,0.5630679693917955
0.7,0.5630679693917955
0.8,0.5021717185893522
0.9,0.5021717185893522
1,0.5021717185893522
