FES_Multiplier,Error
0,23954.69479646481
0.001,23954.69479646481
0.01,12277.146679187244
0.1,227.5223945300892
0.2,0.9430427845672966
0.3,0.009706742349635533
0.4,7.881864985392895e-05
0.5,9.421219715477491e-07
0.6,1.1044733128073858e-08
0.7,9.919460808305303e-09
