FES_Multiplier,Error
0,25452.065269895204
0.001,25452.065269895204
0.01,16684.228395472008
0.1,170.42490178501657
0.2,3.0087567994486335
0.3,0.06089438014657844
0.4,0.0003188521631614094
0.5,5.054603775533906e-06
0.6,7.634793064426049e-08
0.7,9.824134394875728e-09
