FES_Multiplier,Error
0,1561.4996280809917
0.001,1561.4996280809917
0.01,394.6528700895815
0.1,49.163104210722054
0.2,35.53371041790234
0.3,34.81266793405547
0.4,34.78113976549241
0.5,34.78033166361348
0.6,34.780276565206066
0.7,34.78027494118169
0.8,34.78027487791701
0.9,34.78027487484371
1,34.78027487472889
