FES_Multiplier,Error
0,10451580962.270308
0.001,10451580962.270308
0.01,3653021358.988185
0.1,30909848.27225037
0.2,239919.6393711677
0.3,1447.9097425077857
0.4,15.150619302386161
0.5,0.17651371677703764
0.6,0.0034569735390448386
0.7,1.2269112403373583e-05
0.8,3.100155652191461e-07
0.9,9.950213097909e-09
