FES_Multiplier,Error
0,9463933748.376312
0.001,9463933748.376312
0.01,5586928345.152751
0.1,22735633.96434165
0.2,214322.92572136834
0.3,1938.3224917186549
0.4,33.84380387497629
0.5,0.3995479991785089
0.6,0.0017438779024701034
0.7,2.7623567831369655e-05
0.8,3.0841411557958054e-07
0.9,6.008832542647724e-09
