FES_Multiplier,Error
0,19765235392.00587
0.001,19765235392.00587
0.01,4791292734.53389
0.1,42499938.719775714
0.2,375618.7524494881
0.3,1135.4686547829974
0.4,10.201134003762007
0.5,0.19741106925957297
0.6,0.0008138096013396989
0.7,4.462760813339628e-06
0.8,5.739460107179184e-08
0.9,4.599797875926015e-09
