FES_Multiplier,Error
0,182.59676464684958
0.001,182.59676464684958
0.01,100.25382105418396
0.1,1.7647366884270923
0.2,0.7308731747292541
0.3,0.441199865570411
0.4,0.441199865570411
0.5,0.441199865570411
0.6,0.441199865570411
0.7,0.441199865570411
0.8,0.441199865570411
0.9,0.441199865570411
1,0.441199865570411
