FES_Multiplier,Error
0,52.88279282150438
0.001,52.88279282150438
0.01,16.632555772971045
0.1,0.42168545168374294
0.2,0.3244262469379464
0.3,0.27420393586930913
0.4,0.27420393586930913
0.5,0.27420393586930913
0.6,0.27420393586930913
0.7,0.20167967466795744
0.8,0.20167967466795744
0.9,0.20167967466795744
1,0.11883043364014156
