FES_Multiplier,Error
0,17556.416848122586
0.001,17556.416848122586
0.01,14954.923595499298
0.1,2769.715784421158
0.2,872.6126835278101
0.3,172.40119687381593
0.4,92.37658301221381
0.5,75.85084516832467
0.6,72.34452797350787
0.7,71.87584198300465
0.8,71.81240532793709
0.9,71.80946165487148
1,71.8090205930148
