FES_Multiplier,Error
0,17582.505355409587
0.001,17582.505355409587
0.01,7857.518014935042
0.1,68.16152275418483
0.2,0.5783107090830413
0.3,0.002909954084771016
0.4,2.0179481509785546e-05
0.5,5.676249088537588e-07
0.6,9.97903271127143e-09
