FES_Multiplier,Error
0,13444088015.543472
0.001,12495666227.11438
0.01,164028475.44501147
0.1,80610.23686273884
0.2,5848.381381649891
0.3,2818.5808485706093
0.4,2807.1761719579217
0.5,1684.0921097659739
0.6,1185.4544857056546
0.7,1117.4491975243327
0.8,642.2477561968608
0.9,607.335679248625
1,572.468836712375
