FES_Multiplier,Error
0,12814052420.31518
0.001,11851453049.130283
0.01,260218603.7361227
0.1,199401.79326284406
0.2,2385.805214046454
0.3,163.23502948724092
0.4,153.35782347642618
0.5,9.462118619391305
0.6,0.16038910083426572
0.7,0.0009032763809102562
0.8,0.00036536702049261294
0.9,0.0003000928549568016
1,0.0002512849482911861
