FES_Multiplier,Error
0,1557.4855472376182
0.001,1470.2530240684196
0.01,71.22763171915858
0.1,0.06511326872310974
0.2,0.0104817313575154
0.3,0.0056028006797532726
0.4,5.750892796640983e-06
0.5,8.011511454242282e-09
