Fi_10D,Best,Worst,Median,Mean,Std_Dev,Success_Rate
2,0.0014490329398597623,572.468836712375,35.87704220233937,105.79167560400587,165.3327103339342,0
3,9.430777936358936e-09,100.5656399012492,47.48368576320843,42.36106891048576,32.541206330018696,0.16
5,0.02709339608747996,0.433383701269463,0.177124100383935,0.1876170236510552,0.10235614751347759,0
