FES_Multiplier,Error
0,30863.19418542633
0.001,29864.510024110958
0.01,5046.348379151899
0.1,5.1455742101412625
0.2,0.10969547472370778
0.3,0.0007749352255359554
0.4,2.719779786275467e-06
0.5,7.617984465468908e-09
