FES_Multiplier,Error
0,122.9125027382421
0.001,61.87284978775256
0.01,32.906852534878
0.1,13.934078508381276
0.2,13.929712453040452
0.3,13.929507706359686
0.4,13.929489442166982
0.5,13.929452180536032
0.6,13.929439535166466
0.7,13.929432809632317
0.8,13.929415532057646
0.9,13.929415532057646
1,13.929415181783156
