FES_Multiplier,Error
0,2915317535.508003
0.001,879926487.5806398
0.01,78543549.65064459
0.1,92.63311404817998
0.2,7.3945329859270714e-09
