FES_Multiplier,Error
0,49.28084842201895
0.001,43.65943254054275
0.01,18.035466201886493
0.1,14.872957803311692
