FES_Multiplier,Error
0,53.20403560014961
0.001,44.83900308860814
0.01,8.032249657128773
0.1,4.009640256712373
