FES_Multiplier,Error
0,139474442038.34082
0.001,39716029421.784935
0.01,55010.419394585566
0.1,5.848363571203663e-09
