FES_Multiplier,Error
0,196320292054.79153
0.001,58610724976.31744
0.01,367788.7969985725
0.1,9.987758176066563e-09
