FES_Multiplier,Error
0,18516.80480824489
0.001,4741.993947560656
0.01,122.98647972124672
0.1,7.4838339969574e-09
