FES_Multiplier,Error
0,8199.651137037174
0.001,2657.028215009529
0.01,65.5225735083726
0.1,34.785679912684145
0.2,34.78027487579692
0.3,34.7802748747207
0.4,34.7802748747207
0.5,34.7802748747207
0.6,34.7802748747207
0.7,34.7802748747207
0.8,34.7802748747207
0.9,34.7802748747207
1,34.7802748747207
