FES_Multiplier,Error
0,12614.84606171871
0.001,12614.84606171871
0.01,248.96505472105108
0.1,9.07931507754256e-09
