Fi_10D,Best,Worst,Median,Mean,Std_Dev,Success_Rate
1,9.07931507754256e-09,9.511836651654448e-09,9.292818958783755e-09,9.29419741169113e-09,1.7669781019719165e-10,1
