FES_Multiplier,Run 1,Run 2,Average
0,28588.956796927472,35444.542369457544
0.001,28588.956796927472,25813.588786219807
0.01,5427.143701381148,2826.7958202950904
0.1,3.066718421132123,1.303685214852976
0.2,0.001256726900578542,0.0004406913242291921
0.3,2.441914148221258e-06,2.805954864015803e-07
0.4,9.524399047222687e-09,8.783501925790915e-09
0.5,None,None
0.6,None,None
0.7,None,None
0.8,None,None
0.9,None,None
1,None,None
