FES_Multiplier,Error
0,28588.956796927472
0.001,28588.956796927472
0.01,5427.143701381148
0.1,3.066718421132123
0.2,0.001256726900578542
0.3,2.441914148221258e-06
0.4,9.524399047222687e-09
