FES_Multiplier,Error
0,19703.89054680531
0.001,17153.887930972145
0.01,1046.6185022163045
0.1,1.4056240615900606e-06
0.2,9.986251825466752e-09
