FES_Multiplier,Error
0,19020.465712071673
0.001,16796.306893429297
0.01,690.5943330183684
0.1,5.11226971866563e-09
