FES_Multiplier,Error
0,11.857541285610068
0.001,11.857541285610068
0.01,9.777308209825378
0.1,0.02022799317535373
0.2,5.160870728104783e-06
0.3,4.37785274698399e-09
