Fi_10D,Best,Worst,Median,Mean,Std_Dev,Success_Rate
1,1256.8406690306838,220289.85995443692,55065.51976922807,81141.81152835724,66747.22575030995,0
2,281.5528478493058,10908.267226305172,5790.914202159152,5505.357817245992,3671.665576082377,0
4,0.7758724514672508,34.7802748747207,34.78027487472065,33.420098777790514,6.80088048465068,0
6,4.37785274698399e-09,4.7721537654675785,2.0745744805083177,1.943528384001338,1.43912485398389,0.28
