FES_Multiplier,Error
0,27170.581645733873
0.001,12548.164746150152
0.01,244.6970195436956
0.1,2.5238421130779898e-08
0.2,9.511836651654448e-09
