Fi_10D,Best,Worst,Median,Mean,Std_Dev,Success_Rate
1,8.783501925790915e-09,9.524399047222687e-09,9.153950486506801e-09,9.153950486506801e-09,5.238933787259987e-10,1
