FES_Multiplier,Error
0,35444.542369457544
0.001,25813.588786219807
0.01,2826.7958202950904
0.1,1.303685214852976
0.2,0.0004406913242291921
0.3,2.805954864015803e-07
0.4,8.783501925790915e-09
