FES_Multiplier,Error
0,23511.47532563536
0.001,17160.443144168297
0.01,1813.416332225599
0.1,7.1891281550051644e-06
0.2,6.020854925736785e-09
