FES_Multiplier,Error
0,133.74363725879698
0.001,133.74363725879698
0.01,78.82726491601034
0.1,1.6214697215247043
0.2,0.6379068164844739
0.3,0.6379068164844739
0.4,0.5897664850481306
0.5,0.5020786807742752
0.6,0.5020786807742752
0.7,0.5020786807742752
0.8,0.5020786807742752
0.9,0.4770107698083166
1,0.4770107698083166
