FES_Multiplier,Error
0,15030.796250265192
0.001,13592.862434965202
0.01,1791.5659841173845
0.1,0.02832048872573978
0.2,3.512321882226388e-07
0.3,4.568960321194027e-09
