FES_Multiplier,Error
0,13.10725479804853
0.001,12.857378796804596
0.01,7.265936948667104
0.1,4.179641615879291
0.2,2.8332996913426314
0.3,2.7327765628615452
0.4,3.2496895391891485
0.5,3.1801559705090767
0.6,2.632292624890738
0.7,3.9048271884678343
0.8,2.0931914907854434
0.9,1.4899865432405477
1,2.7534446227759872
