FES_Multiplier,Error
0,371.00843246258955
0.001,371.00843246258955
0.01,57.851963826373776
0.1,0.014755531797050025
0.2,9.970449355023447e-09
