FES_Multiplier,Error
0,23934608454.814644
0.001,23934608454.814644
0.01,7227193801.262976
0.1,65.30292782270789
0.2,3.4140157367801294e-09
