FES_Multiplier,Error
0,5214155200.822617
0.001,5214155200.822617
0.01,2549057396.4946365
0.1,9745.334967427752
0.2,0.9077600906784085
0.3,9.958910140994703e-09
