FES_Multiplier,Error
0,14.345997972209034
0.001,14.345997972209034
0.01,9.838920590219573
0.1,2.8413066149961423
0.2,2.713293986588724
0.3,2.7131579893149365
0.4,2.7131579893149365
