FES_Multiplier,Error
0,386.46352737050256
0.001,386.46352737050256
0.01,85.48776485051656
0.1,0.00019016338364963303
0.2,2.487922756699845e-09
