FES_Multiplier,Error
0,984.7022353487437
0.001,984.7022353487437
0.01,250.4130202024121
0.1,34.78027498580724
0.2,34.78027487472065
0.3,34.78027487472065
0.4,34.78027487472065
0.5,34.78027487472065
0.6,34.78027487472065
0.7,34.78027487472065
0.8,34.78027487472065
0.9,34.78027487472065
1,34.78027487472065
