FES_Multiplier,Error
0,122707123.39236236
0.001,122707123.39236236
0.01,58426109.58707286
0.1,101.90972663064957
0.2,9.7754053740573e-09
