FES_Multiplier,Error
0,13.282366890954904
0.001,13.282366890954904
0.01,11.823937655047189
0.1,0.10646013725397552
0.2,1.0904050895987893e-05
0.3,4.105004336452112e-09
