FES_Multiplier,Error
0,619055653.1196277
0.001,619055653.1196277
0.01,69210867.06904612
0.1,3330.3097542667238
0.2,2.547551503084833e-09
