FES_Multiplier,Error
0,211.15436009930227
0.001,109.5017803677639
0.01,43.73300981523698
0.1,5.969754342559781
0.2,5.969754342559781
0.3,5.969754342559781
0.4,5.969754342559781
