FES_Multiplier,Error
0,49326023847.07072
0.001,9920606818.835798
0.01,503201.5340020182
0.1,9.979260084946873e-09
