FES_Multiplier,Error
0,16.655922528081874
0.001,13.797676364737981
0.01,5.190446821660089
0.1,4.709253963002311
