FES_Multiplier,Error
0,369.3604506247648
0.001,41.81545776815619
0.01,0.8143901417164443
0.1,6.652498996118084e-09
