FES_Multiplier,Error
0,38004.22048937153
0.001,29309.329028798
0.01,4220.790759722359
0.1,8.668423871354832
0.2,0.004289497114370988
0.3,2.5254757360926305e-06
0.4,9.918721843860112e-09
