FES_Multiplier,Error
0,28185.907362752852
0.001,23025.415218846156
0.01,757.863329979641
0.1,9.914288057188969e-09
