FES_Multiplier,Error
0,3630.1797115031018
0.001,2972.3218839169904
0.01,101.03906952924478
0.1,74.49638709475585
0.2,70.62516467774867
0.3,56.905586119297936
0.4,90.95118000342364
0.5,87.13297008617997
0.6,72.53412576864616
0.7,90.89007663237987
0.8,64.9835909277848
0.9,52.14740117587934
1,78.88294967931171
