FES_Multiplier,Error
0,30175.80559983775
0.001,30894.682462597837
0.01,3172.977323610099
0.1,2.6021547130831664
0.2,0.00819964418985819
0.3,0.00100300840148293
0.4,8.420735184699879e-07
0.5,7.287269454536727e-09
