FES_Multiplier,Error
0,20184.126341698462
0.001,15011.91004321713
0.01,1058.978867375666
0.1,5.122861693962477e-06
0.2,9.97630422716611e-09
