FES_Multiplier,Error
0,56209.290746441446
0.001,30501.97850463618
0.01,10508.784327466206
0.1,201.440561159451
0.2,36.58140295249217
0.3,80.47508542850534
0.4,783.492383132466
0.5,14.377325517255144
0.6,85.564463155706
0.7,25.40509272576486
0.8,16.789034708698694
0.9,13.139035154138242
1,60.077780207142155
