FES_Multiplier,Error
0,424038899.3843919
0.001,124135405.64994761
0.01,63899544.2199086
0.1,7260175.340358853
0.2,2836863.4538460635
0.3,1768938.7309228885
0.4,5570174.65526871
0.5,5655520.534145765
0.6,906020.1665567531
0.7,2371035.7101222547
0.8,5030364.803512716
0.9,4781736.605696291
1,6022824.4205126325
