FES_Multiplier,Error
0,5121.169478859508
0.001,5121.169478859508
0.01,1394.4273129936817
0.1,47.98367415690626
0.2,35.10188482945159
0.3,34.80844962763172
0.4,34.78132934124227
0.5,34.780327897738346
0.6,34.78027712145729
0.7,34.78027515457546
0.8,34.780274901753046
0.9,34.78027487925567
1,34.78027487562758
