FES_Multiplier,Error
0,1765.4053896893492
0.001,472.26514446644524
0.01,0.8758445009407296
0.1,7.460130291292444e-09
