FES_Multiplier,Error
0,10534113916.531881
0.001,1433788495.5639074
0.01,11072741.070507728
0.1,1.5733227201053523e-06
0.2,9.944756129698362e-09
