FES_Multiplier,Error
0,1894.4296937724293
0.001,428.0625525934354
0.01,0.6683905446006975
0.1,0.007396040334242571
0.2,0.007396040334242571
0.3,0.007396040334242571
0.4,0.007396040334242571
0.5,0.007396040334242571
0.6,0.007396040334242571
0.7,0.007396040334242571
0.8,0.007396040334242571
0.9,0.007396040334242571
1,0.007396040334242571
