Fi_10D,Best,Worst,Median,Mean,Std_Dev,Success_Rate
1,1.0119283615495078e-06,4.127755028093816e-05,1.0293657339843776e-05,1.2297634339120122e-05,9.641136220008121e-06,0
2,0.0008818816932034679,0.04336963091270718,0.005855826221193183,0.009863583919714074,0.011846246671040764,0
3,18951.16346510796,7848043.902948175,248418.16976364263,1336400.993478451,2393426.766185123,0
4,0.007083916890394448,1105.1566672984288,0.9514458880831285,157.74745668313867,270.30427410881396,0
5,0.47012026740048896,14961.614430527614,46.893832062391084,956.0830349647299,2982.338100048377,0
