FES_Multiplier,Error
0,26175.701413264982
0.001,26175.701413264982
0.01,5199.328098020326
0.1,0.1259456250801918
0.2,0.0020261852127987368
0.3,0.00033231139718736813
0.4,0.0001561769035447469
0.5,6.975942062581453e-05
0.6,4.83812800666783e-05
0.7,1.8544872148140712e-05
0.8,1.2985441344426363e-06
0.9,1.0119283615495078e-06
1,1.0119283615495078e-06
