FES_Multiplier,Error
0,25210.147495631623
0.001,25609.185598209257
0.01,7768.1533288455175
0.1,1727.258754326051
0.2,741.397749840169
0.3,201.2134362758434
0.4,30.791771590630674
0.5,0.9279685899052197
0.6,0.11158827108215519
0.7,0.08601184595329414
0.8,0.01608219163472313
0.9,0.016840176844482357
1,0.007083916890394448
