FES_Multiplier,Error
0,39961.63159877762
0.001,39961.63159877762
0.01,26694.2288766922
0.1,9506.53231605508
0.2,4047.626381099474
0.3,1044.6790324536128
0.4,101.0001467942468
0.5,3.805768641308589
0.6,0.3946817389051489
0.7,0.10889667306167894
0.8,0.06811851308879113
0.9,0.0570108505474991
1,0.04336963091270718
