FES_Multiplier,Error
0,15652.221020112074
0.001,15652.221020112074
0.01,9906.909099099967
0.1,99.96314436339236
0.2,1.6517361553825936
0.3,0.016884865411896044
0.4,0.00016678968501082636
0.5,1.7892785422191082e-06
0.6,2.3917095859360415e-08
0.7,4.774960871145595e-09
