Fi_10D,Best,Worst,Median,Mean,Std_Dev,Success_Rate
1,7.328139872697648e-09,9.942880296875956e-09,9.081702501134714e-09,8.969570899353129e-09,6.277013190164265e-10,1
2,7.617984465468908e-09,9.841699011303717e-09,9.277414392272476e-09,9.057523584488082e-09,7.008000693051837e-10,1
3,44.550957787840275,1032752.809388893,3354.7551942245805,132004.33347485668,285816.4172274956,0
4,7.211156116682105e-09,0.0030965323949203594,6.182740435178857e-06,0.0002710180422036501,0.0006955250825963013,0.08
5,1255.58287910101,7766.6671858530535,2921.692407390994,3663.0215650406362,1950.8253562658715,0
