FES_Multiplier,Error
0,328313056.11680573
0.001,368334883.9857426
0.01,61324431.01585908
0.1,501042.68567528314
0.2,2851025.8495252477
0.3,2335030.970380405
0.4,312710.4032717161
0.5,223050.25454905885
0.6,220183.31626273296
0.7,218174.9751865525
0.8,221884.63884238162
0.9,260186.7444096472
1,1032752.809388893
