FES_Multiplier,Error
0,17412.918152603706
0.001,19596.773024600276
0.01,794.0864457436055
0.1,0.5327933056282177
0.2,0.004613141626293782
0.3,0.0001226375909482158
0.4,7.22154709364986e-08
0.5,9.942880296875956e-09
