FES_Multiplier,Error
0,2111.568813359023
0.001,1242.9887967071413
0.01,170.79077587222048
0.1,35.674752319043705
0.2,35.347161751626516
0.3,35.14677375736636
0.4,34.84931909564375
0.5,34.780714688180865
0.6,34.78029166232176
0.7,34.78027671570936
0.8,34.78027514488895
0.9,34.78027490432112
1,34.78027487827916
