FES_Multiplier,Error
0,133.27555762842803
0.001,133.27555762842803
0.01,68.13650640292656
0.1,4.984727027935378
0.2,4.974795423496289
0.3,4.974795285694086
0.4,4.97479528560234
0.5,4.97479528559586
0.6,4.97479528559586
0.7,4.97479528559586
0.8,4.97479528559586
0.9,4.974795285542996
1,4.974795285542996
