FES_Multiplier,Error
0,30415.135935109167
0.001,30415.135935109167
0.01,6801.379435991792
0.1,69.63631764823049
0.2,10.939515738676391
0.3,6.073720832836557
0.4,4.571741185953499
0.5,2.567625383395864
0.6,2.4356974073855326
0.7,2.3103960734966904
0.8,2.255011182639862
0.9,2.207225601264895
1,2.1794036983819183
