FES_Multiplier,Error
0,101.13176828140286
0.001,74.57957359346597
0.01,9.760818437966464
0.1,0.48947338653010775
0.2,0.48947338653010775
0.3,0.48947338653010775
0.4,0.48947338653010775
0.5,0.48947338653010775
0.6,0.48947338653010775
0.7,0.48947338653010775
0.8,0.48947338653010775
0.9,0.48947338653010775
1,0.48947338653010775
